7861151303432,ARCHIVADOR IDEAL ROJO,2,UTILES ESCOLARES
7861151303388,ARCHIVADOR IDEAL CONCHEVINO,2,UTILES ESCOLARES
7861151303418,ARCHIVADOR IDEAL NARANJA,2,UTILES ESCOLARES
7862124950080,ARCHIVADOR UTILESA NEGRO,2,UTILES ESCOLARES
7861010904817,BANDEJA 2P,2,PLASTICOS Y DESECHABLES
7861010902752,BANDEJA 4X81/2,2,PLASTICOS Y DESECHABLES
7861010903131,BASE DE TORTA 10 1/4,2,PLASTICOS Y DESECHABLES
7861010901984,BASE DE TORTA 12,2,PLASTICOS Y DESECHABLES
7861010901991,BASE DE TORTA 13,2,PLASTICOS Y DESECHABLES
7861010904169,BASE DE TORTA 9,2,PLASTICOS Y DESECHABLES
7703064446502,BORRADOR PZ 20,2,UTILES ESCOLARES
7703064447509,BORRADOR PZ 60,2,UTILES ESCOLARES
7862114754459,CAJA CORRECTOR LANCER X12,2,UTILES ESCOLARES
7808718509432,CAJA LAPIZ MONGOL,2,UTILES ESCOLARES
7703064457591,CAJA MARCADOR BORRABLE PELIKAN ROJA,2,UTILES ESCOLARES
7891360442097,CAJA MINAS FABER-CASTELL 2H,2,UTILES ESCOLARES
7891360442103,CAJA MINAS FABER-CASTELL 2B,2,UTILES ESCOLARES
17862109410018,CAJA RESMA DE PAPEL COPIADORA,2,UTILES ESCOLARES
4971850090663,CALCULADORA CASIO 350ES PLUS,2,UTILES ESCOLARES
4971850090687,CALCULADORA CASIO 570ES PLUS,2,UTILES ESCOLARES
4971850089940,CALCULADORA CASIO 82LA PLUS COLORES,2,UTILES ESCOLARES
7862113371247,CARPETA FOLDER NARANJA TUKAN,2,UTILES ESCOLARES
7862113371193,CARPETA FOLDER BLANCA TUKAN,2,UTILES ESCOLARES
7862113371278,CARPETA FOLDER ROJA TUKAN,2,UTILES ESCOLARES
7861084296740,CARPETA FOLDER NARANJA ESCRIBE,2,UTILES ESCOLARES
7861084296771,CARPETA FOLDER TURQUESA,2,UTILES ESCOLARES
7861084296696,CARPETA FOLDER AZUL ELECTRICO ESCRIBE,2,UTILES ESCOLARES
7861084296702,CARPETA FOLDER AZUL  ESCRIBE,2,UTILES ESCOLARES
7861084296689,CARPETA FOLDER AMARILLA ESCRIBE,2,UTILES ESCOLARES
7861084296757,CARPETA FOLDER ROSADO ESCRIBE,2,UTILES ESCOLARES
7862113371322,CARPETA FOLDER VERDE OSCURO TUKAN,2,UTILES ESCOLARES
7861084296726,CARPETA FOLDER FUCSIA ESCRIBE,2,UTILES ESCOLARES
6920583842009,CARPETA SOBRE A4 LANCER,2,UTILES ESCOLARES
7453078535913,CARPETA SOBRE A4 POINTER,2,UTILES ESCOLARES
40074220102,CINTA DE DUCTO PLATEADA,2,UTILES ESCOLARES
7861087702156,CINTA EMBALAJE CAFÉ,2,UTILES ESCOLARES
7861087702088,CINTA EMBALAJE TRANSPARENTE,2,UTILES ESCOLARES
7861129512033,COLORES CARIOCA GRANDE,2,UTILES ESCOLARES
7861129512026,COLORES CARIOCA PEQUEÑO,2,UTILES ESCOLARES
6934369659507,COLORES DOBLE PUNTA JARD,2,UTILES ESCOLARES
7784310156680,COLORES HEXACOLOR,2,UTILES ESCOLARES
6935188339458,COLORES NEW ELITE,2,UTILES ESCOLARES
7702111512863,COLORES NORMA X15,2,UTILES ESCOLARES
7702111372542,COLORES NORMA X24,2,UTILES ESCOLARES
7750840000229,COLORES PELIKAN GRANDE,2,UTILES ESCOLARES
7750840000212,COLORES PELIKAN PEQUEÑA,2,UTILES ESCOLARES
4895137937703,COMPAS ARTICULADO LANCER,2,UTILES ESCOLARES
8413237050038,COMPAS ARTICULADO VHC,2,UTILES ESCOLARES
8413237010032,COMPAS COLORES,2,UTILES ESCOLARES
6901704283376,COMPAS PORTAMINA,2,UTILES ESCOLARES
6937544353603,COMPAS PRECISION FOSKA,2,UTILES ESCOLARES
4895137909267,COMPAS PRECISION LANCER,2,UTILES ESCOLARES
4895137973541,COMPAS PRECISION LANCER,2,UTILES ESCOLARES
7861057690124,CONTENEDOR 5X5,2,PLASTICOS Y DESECHABLES
7862114754452,CORRECTOR LANCER,2,UTILES ESCOLARES
7750082007093,CRAYON ARTESCO KIDS,2,UTILES ESCOLARES
6937544357571,CRAYON FOSKA OIL PASTEL,2,UTILES ESCOLARES
8901324014402,CRAYON NATARAJ,2,UTILES ESCOLARES
6938684609124,CRAYON OIL PASTELS,2,UTILES ESCOLARES
7501015204498,CRAYON PELIKAN JUMBO,2,UTILES ESCOLARES
7861084213143,CUADERNO AC  100 HOJAS ESCRIBE 4L,2,UTILES ESCOLARES
7861084213136,CUADERNO AC  100 HOJAS ESCRIBE CUADROS,2,UTILES ESCOLARES
7861084213112,CUADERNO AC  100 HOJAS ESCRIBE 1L,2,UTILES ESCOLARES
7861084213433,CUADERNO AC  100 HOJAS STICKER ESCRIBE CUADROS,2,UTILES ESCOLARES
7861098309054,CUADERNO AC 100 HOJAS ESTILO 4L,2,UTILES ESCOLARES
7861098309047,CUADERNO AC 100 HOJAS ESTILO 2L,2,UTILES ESCOLARES
7702111376557,CUADERNO AC 100 HOJAS NORMA 2L,2,UTILES ESCOLARES
7861098602599,CUADERNO AC 100 HOJAS UNICO,2,UTILES ESCOLARES
7861084214263,CUADERNO COSIDO PARVULARIO ESCRIBE,2,UTILES ESCOLARES
7861084214218,CUADERNO COSIDO STICKER ESCRIBE 1L,2,UTILES ESCOLARES
7861084214225,CUADERNO COSIDO STICKER ESCRIBE 2L,2,UTILES ESCOLARES
7861084214249,CUADERNO COSIDO STICKER ESCRIBE 4L,2,UTILES ESCOLARES
7861084213235,CUADERNO ESCRIBE AC 200 HOJAS,2,UTILES ESCOLARES
7861000272780,CUCHARA BLANCA PEQUEÑA,2,PLASTICOS Y DESECHABLES
7861000239004,CUCHARA COLOR PEQUEÑA,2,PLASTICOS Y DESECHABLES
7755267000937,CUCHARA GRANDE INKA,2,PLASTICOS Y DESECHABLES
7862115680170,CUCHARA GRANDE KANTATI,2,PLASTICOS Y DESECHABLES
7861000266758,CUCHARA TENEDOR,2,PLASTICOS Y DESECHABLES
6932417224172,CUERDA DE SALTAR GUANG HONG,2,UTILES ESCOLARES
7750082207585,CURVIGRAFO ARTESCO,2,UTILES ESCOLARES
7861129530037,CURVIGRAFO CARIOCA,2,UTILES ESCOLARES
6937544350589,ESCALIMETRO FOSKA,2,UTILES ESCOLARES
7861103520061,ESCUADRA 45 GRADOS APOLO,2,UTILES ESCOLARES
7861103520078,ESCUADRA 60 GRADOS APOLO,2,UTILES ESCOLARES
6937544330772,ESTILETE GRANDE JEFF,2,UTILES ESCOLARES
6937544330765,ESTILETE PEQUEÑO JEFF,2,UTILES ESCOLARES
7861088922300,FIGURAS AFINES,2,UTILES ESCOLARES
7861191228436,FUNDA P2 COLOR,2,PLASTICOS Y DESECHABLES
7861191228610,FUNDA P2 NEGRA,2,PLASTICOS Y DESECHABLES
7861191228627,FUNDA P5 NEGRA,2,PLASTICOS Y DESECHABLES
7861191228641,FUNDA P7 NEGRA,2,PLASTICOS Y DESECHABLES
7861191228528,FUNDA YUMBO,2,PLASTICOS Y DESECHABLES
7861194608303,GOMA BLANCA 140GR,2,UTILES ESCOLARES
7861020337186,GOMA BLANCA 50GR,2,UTILES ESCOLARES
7861194608327,GOMA BLANCA 590GR,2,UTILES ESCOLARES
7861123900737,GOMA EN BARRA BESTER GRANDE,2,UTILES ESCOLARES
7861123900744,GOMA EN BARRA BESTER PEQUEÑA,2,UTILES ESCOLARES
4714218086775,GRAPADORA 5758H GRANDE,2,UTILES ESCOLARES
7861048670807,JABON LIQUIDO JOLLY FLORAL,2,UTILES ESCOLARES
7861048670821,JABON LIQUIDO JOLLY TRANS,2,UTILES ESCOLARES
7861129513016,JUEGO GEOMETRICO N1 CARIOCA,2,UTILES ESCOLARES
7861103520252,JUEGO GEOMETRICO N2 APOLO,2,UTILES ESCOLARES
7861103520276,JUEGO GEOMETRICO N4 APOLO,2,UTILES ESCOLARES
7808718509586,LAPIZ MONGOL,2,UTILES ESCOLARES
7862114754209,LIBRETA #1,2,UTILES ESCOLARES
7862114754223,LIBRETA #2,2,UTILES ESCOLARES
7861129528119,MARCADOR BORRABLE CARIOCA AZUL,2,UTILES ESCOLARES
7703064457508,MARCADOR BORRABLE PELIKAN NEGRO,2,UTILES ESCOLARES
7703064457409,MARCADOR BORRABLE PELIKAN VERDE,2,UTILES ESCOLARES
7703064457201,MARCADOR BORRABLE PELIKAN AZUL,2,UTILES ESCOLARES
7703064457300,MARCADOR BORRABLE PELIKAN ROJO,2,UTILES ESCOLARES
7861129511180,MARCADOR CARIOCA X12,2,UTILES ESCOLARES
7862114753684,MASKING 12MM,2,UTILES ESCOLARES
7861087707502,MASKING 18MM,2,UTILES ESCOLARES
7861087707762,MASKING 36MM,2,UTILES ESCOLARES
7862114753752,MASKING 48MM,2,UTILES ESCOLARES
7891360472391,MINAS FABER-CASTELL 2H,2,UTILES ESCOLARES
7891360472643,MINAS FABER-CASTELL 2B,2,UTILES ESCOLARES
7861073101154,PALO HELADO CUADRADO,2,PLASTICOS Y DESECHABLES
7862100141259,PAPEL ALUMINIO,2,PLASTICOS Y DESECHABLES
7702026625351,PAPEL DE COCINA FAMILIA,2,PLASTICOS Y DESECHABLES
7862100143048,PAPEL FILM,2,PLASTICOS Y DESECHABLES
7868000699203,PAPEL HIGIENICO INDUSTRIAL,2,PLASTICOS Y DESECHABLES
7861023208032,PAPEL HIGINICO X4 SCOTT,2,PLASTICOS Y DESECHABLES
6920583837609,PAQUETE CARETA PERFIL X10,2,UTILES ESCOLARES
4030969800652,PERFORADORA CENTRUM,2,UTILES ESCOLARES
7861139802940,PINTURA ACRILICA CELINA,2,UTILES ESCOLARES
7861053300010,PINZA PREFERIDA,2,UTILES ESCOLARES
7861161263146,PISTOLA DE SILICONA CELINA,2,UTILES ESCOLARES
8714500003455,PISTOLA DE SILICONA CHIFON,2,UTILES ESCOLARES
7501015211120,PLASTILINA PELIKAN GRANDE,2,UTILES ESCOLARES
7862124950011,PLASTILINA UTILESA,2,UTILES ESCOLARES
7861129527600,PLATILINA CARIOCA PEQUEÑA,2,UTILES ESCOLARES
7702163141332,PLATILINA PARCHESITOS MEDIANA,2,UTILES ESCOLARES
7861010909034,PLATO 10 1/4 ,2,PLASTICOS Y DESECHABLES
7861010909041,PLATO 10 1/4 COMPARTIDO,2,PLASTICOS Y DESECHABLES
7861010908792,PLATO 6,2,PLASTICOS Y DESECHABLES
7861010908785,PLATO 7,2,PLASTICOS Y DESECHABLES
7861010908778,PLATO 8,2,PLASTICOS Y DESECHABLES
7861010908761,PLATO 9,2,PLASTICOS Y DESECHABLES
7868000928525,PLATO LONCHERA,2,PLASTICOS Y DESECHABLES
7861010904145,PLATO PROFUNDO,2,PLASTICOS Y DESECHABLES
7750082207394,REGLA 20CM ARTESCO,2,UTILES ESCOLARES
7862109410011,RESMA DE PAPEL COPIADORA,2,UTILES ESCOLARES
7861191201071,ROLLO 9X15 PARAISO,2,PLASTICOS Y DESECHABLES
6920583842085,SEPARADORES DE HOJA A4 LANCER,2,UTILES ESCOLARES
7861000164627,SERVILLETA PEQUEÑA X75,2,PLASTICOS Y DESECHABLES
7862100142720,SEVILLETA GRANDE GIRASOL X300,2,PLASTICOS Y DESECHABLES
4895137906631,SILICONA LIQUIDA 100ML,2,UTILES ESCOLARES
4895137906648,SILICONA LIQUIDA 250ML,2,UTILES ESCOLARES
4895137906617,SILICONA LIQUIDA 30ML,2,UTILES ESCOLARES
4895137906624,SILICONA LIQUIDA 60ML,2,UTILES ESCOLARES
7861151305948,SOBRE IDEAL CARTA X50,2,UTILES ESCOLARES
7861151305900,SOBRE IDEAL OFICIO X50,2,UTILES ESCOLARES
7861048900027,SORVETE UN COLOR,2,PLASTICOS Y DESECHABLES
7861129527365,TEMPERA CARIOCA,2,UTILES ESCOLARES
7861129521059,TEMPERA CARIOCA PINCEL,2,UTILES ESCOLARES
7703064368002,TEMPERA PELIKAN,2,UTILES ESCOLARES
7865898042289,TIJERA DISEÑO ANIMALES,2,UTILES ESCOLARES
7861185600651,TIJERA PUNTA REDONDA COLOR,2,UTILES ESCOLARES
4026700403442,UHU PEGAMENTO,2,UTILES ESCOLARES
7861158700135,VASO 10 ONZAS,2,PLASTICOS Y DESECHABLES
7861158700142,VASO 12 ONZAS,2,PLASTICOS Y DESECHABLES
7861158700241,VASO 14 ONZAS,2,PLASTICOS Y DESECHABLES
7861000133722,VASO 7 ONZAS,2,PLASTICOS Y DESECHABLES
7861158700302,VASO COLERO,2,PLASTICOS Y DESECHABLES
7891360472629,MINAS FABER-CASTELL HB,2,UTILES ESCOLARES
NATURAL614,FUNDA 6X14,2,PLASTICOS Y DESECHABLES
NATURAL618,FUNDA 6X18,2,PLASTICOS Y DESECHABLES
NATURAL620,FUNDA 6X20,2,PLASTICOS Y DESECHABLES
NATURAL515,FUNDA 5X15,2,PLASTICOS Y DESECHABLES
NATURAL512,FUNDA 5X12,2,PLASTICOS Y DESECHABLES
NATURAL510,FUNDA 5X10,2,PLASTICOS Y DESECHABLES
NATURAL514,FUNDA 5X14,2,PLASTICOS Y DESECHABLES
NATURAL58,FUNDA 5X8,2,PLASTICOS Y DESECHABLES
NATURAL520,FUNDA 5X20,2,PLASTICOS Y DESECHABLES
NATURAL610,FUNDA 6X10,2,PLASTICOS Y DESECHABLES
NATURAL612,FUNDA 6X12,2,PLASTICOS Y DESECHABLES
NATURAL68,FUNDA 6X8,2,PLASTICOS Y DESECHABLES
